INSERT INTO CHAMPIONSHIP (CHAMPIONSHIPPOSITION, RIDERID, RIDERTOTALPOINTS, TEAMID) VALUES (1,1,25,1);
INSERT INTO CHAMPIONSHIP (CHAMPIONSHIPPOSITION, RIDERID, RIDERTOTALPOINTS, TEAMID) VALUES (2,2,25,1);
INSERT INTO CHAMPIONSHIP (CHAMPIONSHIPPOSITION, RIDERID, RIDERTOTALPOINTS, TEAMID) VALUES (3,3,25,1);


INSERT INTO RIDERS (RIDERID, FIRSTNAME, LASTNAME, RIDERNUMBER, RIDERTEAMID) VALUES (1,	'Karel', 'Abraham',	17,	9);
INSERT INTO RIDERS (RIDERID, FIRSTNAME, LASTNAME, RIDERNUMBER, RIDERTEAMID) VALUES (2,	'Francesco', 'Bagnaia',	63,	1);
INSERT INTO RIDERS (RIDERID, FIRSTNAME, LASTNAME, RIDERNUMBER, RIDERTEAMID) VALUES (3,	'Cal',	'Crutchlow', 35, 4);
INSERT INTO RIDERS (RIDERID, FIRSTNAME, LASTNAME, RIDERNUMBER, RIDERTEAMID) VALUES (4,	'Andrea', 'Dovizioso', 4, 6);
INSERT INTO RIDERS (RIDERID, FIRSTNAME, LASTNAME, RIDERNUMBER, RIDERTEAMID) VALUES (5,	'Aleix', 'Espargaro', 41, 3);
INSERT INTO RIDERS (RIDERID, FIRSTNAME, LASTNAME, RIDERNUMBER, RIDERTEAMID) VALUES (6,	'Pol', 'Espargaro', 44, 10);
INSERT INTO RIDERS (RIDERID, FIRSTNAME, LASTNAME, RIDERNUMBER, RIDERTEAMID) VALUES (7,	'Andrea', 'Iannone', 29, 3);
INSERT INTO RIDERS (RIDERID, FIRSTNAME, LASTNAME, RIDERNUMBER, RIDERTEAMID) VALUES (8,	'Jorge', 'Lorenzo', 99, 12);
INSERT INTO RIDERS (RIDERID, FIRSTNAME, LASTNAME, RIDERNUMBER, RIDERTEAMID) VALUES (9,	'Marc',	'Marquez', 93, 12);
INSERT INTO RIDERS (RIDERID, FIRSTNAME, LASTNAME, RIDERNUMBER, RIDERTEAMID) VALUES (10, 'Jack', 'Miller', 43, 1);
INSERT INTO RIDERS (RIDERID, FIRSTNAME, LASTNAME, RIDERNUMBER, RIDERTEAMID) VALUES (11, 'Joan', 'Mir', 36, 13);
INSERT INTO RIDERS (RIDERID, FIRSTNAME, LASTNAME, RIDERNUMBER, RIDERTEAMID) VALUES (12, 'Franco', 'Morbidelli', 21, 8);
INSERT INTO RIDERS (RIDERID, FIRSTNAME, LASTNAME, RIDERNUMBER, RIDERTEAMID) VALUES (13, 'Takaaki',	'Nakagami', 30, 5);
INSERT INTO RIDERS (RIDERID, FIRSTNAME, LASTNAME, RIDERNUMBER, RIDERTEAMID) VALUES (14, 'Miguel', 'Oliveira', 88, 11);
INSERT INTO RIDERS (RIDERID, FIRSTNAME, LASTNAME, RIDERNUMBER, RIDERTEAMID) VALUES (15, 'Danilo', 'Petricci', 9, 6);
INSERT INTO RIDERS (RIDERID, FIRSTNAME, LASTNAME, RIDERNUMBER, RIDERTEAMID) VALUES (16, 'Fabio', 'Quartararo', 20, 8);
INSERT INTO RIDERS (RIDERID, FIRSTNAME, LASTNAME, RIDERNUMBER, RIDERTEAMID) VALUES (17, 'Tito', 'Rabat', 53, 9);
INSERT INTO RIDERS (RIDERID, FIRSTNAME, LASTNAME, RIDERNUMBER, RIDERTEAMID) VALUES (18, 'Alex', 'Rins', 42, 13);
INSERT INTO RIDERS (RIDERID, FIRSTNAME, LASTNAME, RIDERNUMBER, RIDERTEAMID) VALUES (19, 'Valentino', 'Rossi', 46	, 7);
INSERT INTO RIDERS (RIDERID, FIRSTNAME, LASTNAME, RIDERNUMBER, RIDERTEAMID) VALUES (20, 'Bradley',	'Smith', 38, 2);
INSERT INTO RIDERS (RIDERID, FIRSTNAME, LASTNAME, RIDERNUMBER, RIDERTEAMID) VALUES (21, 'Hafizh', 'Syahrin', 55, 11);
INSERT INTO RIDERS (RIDERID, FIRSTNAME, LASTNAME, RIDERNUMBER, RIDERTEAMID) VALUES (22, 'Maverick', 'Vinales', 12, 7);
INSERT INTO RIDERS (RIDERID, FIRSTNAME, LASTNAME, RIDERNUMBER, RIDERTEAMID) VALUES (23, 'Johann', 'Zarco', 5, 10);
INSERT INTO RIDERS (RIDERID, FIRSTNAME, LASTNAME, RIDERNUMBER, RIDERTEAMID) VALUES (24, 'Michele', 'Pirro', 51, 6);
INSERT INTO RIDERS (RIDERID, FIRSTNAME, LASTNAME, RIDERNUMBER, RIDERTEAMID) VALUES (25, 'Stefan', 'Bradl', 6, 14);

INSERT INTO TEAMS (TEAMID, TEAMNAME, MOTORCYCLEBRAND) VALUES (1, 'Alma Pramac Racing', 'Ducati');
INSERT INTO TEAMS (TEAMID, TEAMNAME, MOTORCYCLEBRAND) VALUES (2, 'Aprilia Factory Racing', 'Aprilia');
INSERT INTO TEAMS (TEAMID, TEAMNAME, MOTORCYCLEBRAND) VALUES (3, 'Aprilia Racing Team Gresini', 'Aprilia');
INSERT INTO TEAMS (TEAMID, TEAMNAME, MOTORCYCLEBRAND) VALUES (4, 'Lcr Honda Castrol', 'Honda');
INSERT INTO TEAMS (TEAMID, TEAMNAME, MOTORCYCLEBRAND) VALUES (5, 'Lcr Honda Idemitsu', 'Honda');
INSERT INTO TEAMS (TEAMID, TEAMNAME, MOTORCYCLEBRAND) VALUES (6, 'Mission Winnow Ducati', 'Ducati');
INSERT INTO TEAMS (TEAMID, TEAMNAME, MOTORCYCLEBRAND) VALUES (7, 'Monster Energy Yamaha Motogp', 'Yamaha');
INSERT INTO TEAMS (TEAMID, TEAMNAME, MOTORCYCLEBRAND) VALUES (8, 'Petronas Yamaha Srt', 'Yamaha');
INSERT INTO TEAMS (TEAMID, TEAMNAME, MOTORCYCLEBRAND) VALUES (9, 'Reale Avintia Racing', 'Ducati');
INSERT INTO TEAMS (TEAMID, TEAMNAME, MOTORCYCLEBRAND) VALUES (10, 'Red Bull Ktm Factory Racing', 'KTM');
INSERT INTO TEAMS (TEAMID, TEAMNAME, MOTORCYCLEBRAND) VALUES (11, 'Red Bull Ktm Tech 3', 'KTM');
INSERT INTO TEAMS (TEAMID, TEAMNAME, MOTORCYCLEBRAND) VALUES (12, 'Repsol Honda Team', 'Honda');
INSERT INTO TEAMS (TEAMID, TEAMNAME, MOTORCYCLEBRAND) VALUES (13, 'Team Suzuki Ecstar', 'Suzuki');
INSERT INTO TEAMS (TEAMID, TEAMNAME, MOTORCYCLEBRAND) VALUES (14, 'Team HRC', 'Honda');




INSERT INTO RACELOG(ENTRYID, RACENUMBER, RACELOCATION, RIDERID, TEAMID, RACEPOSITION, RACEPOINTS) VALUES (001,1,'Losail International Circuit (Qatar)',4,6,1,25,);
INSERT INTO RACELOG(ENTRYID, RACENUMBER, RACELOCATION, RIDERID, TEAMID, RACEPOSITION, RACEPOINTS) VALUES (002,1,'Losail International Circuit (Qatar)',9,12,2,20,);
INSERT INTO RACELOG(ENTRYID, RACENUMBER, RACELOCATION, RIDERID, TEAMID, RACEPOSITION, RACEPOINTS) VALUES (003,1,'Losail International Circuit (Qatar)',3,4,3,16,);
INSERT INTO RACELOG(ENTRYID, RACENUMBER, RACELOCATION, RIDERID, TEAMID, RACEPOSITION, RACEPOINTS) VALUES (004,1,'Losail International Circuit (Qatar)',18,13,4,13,);
INSERT INTO RACELOG(ENTRYID, RACENUMBER, RACELOCATION, RIDERID, TEAMID, RACEPOSITION, RACEPOINTS) VALUES (005,1,'Losail International Circuit (Qatar)',19,7,5,11,);
INSERT INTO RACELOG(ENTRYID, RACENUMBER, RACELOCATION, RIDERID, TEAMID, RACEPOSITION, RACEPOINTS) VALUES (006,1,'Losail International Circuit (Qatar)',15,6,6,10,);
INSERT INTO RACELOG(ENTRYID, RACENUMBER, RACELOCATION, RIDERID, TEAMID, RACEPOSITION, RACEPOINTS) VALUES (007,1,'Losail International Circuit (Qatar)',22,7,7,9,);
INSERT INTO RACELOG(ENTRYID, RACENUMBER, RACELOCATION, RIDERID, TEAMID, RACEPOSITION, RACEPOINTS) VALUES (008,1,'Losail International Circuit (Qatar)',11,13,8,8,);
INSERT INTO RACELOG(ENTRYID, RACENUMBER, RACELOCATION, RIDERID, TEAMID, RACEPOSITION, RACEPOINTS) VALUES (009,1,'Losail International Circuit (Qatar)',13,5,9,7,);
INSERT INTO RACELOG(ENTRYID, RACENUMBER, RACELOCATION, RIDERID, TEAMID, RACEPOSITION, RACEPOINTS) VALUES (010,1,'Losail International Circuit (Qatar)',5,3,10,6,);
INSERT INTO RACELOG(ENTRYID, RACENUMBER, RACELOCATION, RIDERID, TEAMID, RACEPOSITION, RACEPOINTS) VALUES (011,1,'Losail International Circuit (Qatar)',12,8,11,5,);
INSERT INTO RACELOG(ENTRYID, RACENUMBER, RACELOCATION, RIDERID, TEAMID, RACEPOSITION, RACEPOINTS) VALUES (012,1,'Losail International Circuit (Qatar)',6,10,12,4,);
INSERT INTO RACELOG(ENTRYID, RACENUMBER, RACELOCATION, RIDERID, TEAMID, RACEPOSITION, RACEPOINTS) VALUES (013,1,'Losail International Circuit (Qatar)',8,12,13,3,);
INSERT INTO RACELOG(ENTRYID, RACENUMBER, RACELOCATION, RIDERID, TEAMID, RACEPOSITION, RACEPOINTS) VALUES (014,1,'Losail International Circuit (Qatar)',7,3,14,2,);
INSERT INTO RACELOG(ENTRYID, RACENUMBER, RACELOCATION, RIDERID, TEAMID, RACEPOSITION, RACEPOINTS) VALUES (015,1,'Losail International Circuit (Qatar)',23,10,15,1,);
INSERT INTO RACELOG(ENTRYID, RACENUMBER, RACELOCATION, RIDERID, TEAMID, RACEPOSITION, RACEPOINTS) VALUES (016,1,'Losail International Circuit (Qatar)',16,8,16,0,);
INSERT INTO RACELOG(ENTRYID, RACENUMBER, RACELOCATION, RIDERID, TEAMID, RACEPOSITION, RACEPOINTS) VALUES (017,1,'Losail International Circuit (Qatar)',14,11,17,0,);
INSERT INTO RACELOG(ENTRYID, RACENUMBER, RACELOCATION, RIDERID, TEAMID, RACEPOSITION, RACEPOINTS) VALUES (018,1,'Losail International Circuit (Qatar)',1,9,18,0,);
INSERT INTO RACELOG(ENTRYID, RACENUMBER, RACELOCATION, RIDERID, TEAMID, RACEPOSITION, RACEPOINTS) VALUES (019,1,'Losail International Circuit (Qatar)',17,9,19,0,);
INSERT INTO RACELOG(ENTRYID, RACENUMBER, RACELOCATION, RIDERID, TEAMID, RACEPOSITION, RACEPOINTS) VALUES (020,1,'Losail International Circuit (Qatar)',21,11,20,0,);
INSERT INTO RACELOG(ENTRYID, RACENUMBER, RACELOCATION, RIDERID, TEAMID, RACEPOSITION, RACEPOINTS) VALUES (021,1,'Losail International Circuit (Qatar)',20,2,99,0,);
INSERT INTO RACELOG(ENTRYID, RACENUMBER, RACELOCATION, RIDERID, TEAMID, RACEPOSITION, RACEPOINTS) VALUES (022,1,'Losail International Circuit (Qatar)',10,1,99,0,);
INSERT INTO RACELOG(ENTRYID, RACENUMBER, RACELOCATION, RIDERID, TEAMID, RACEPOSITION, RACEPOINTS) VALUES (023,1,'Losail International Circuit (Qatar)',2,1,99,0,);
INSERT INTO RACELOG(ENTRYID, RACENUMBER, RACELOCATION, RIDERID, TEAMID, RACEPOSITION, RACEPOINTS) VALUES (024,2,'Termas de Río Hondo (Argentina)',9,12,1,25,);
INSERT INTO RACELOG(ENTRYID, RACENUMBER, RACELOCATION, RIDERID, TEAMID, RACEPOSITION, RACEPOINTS) VALUES (025,2,'Termas de Río Hondo (Argentina)',19,7,2,20,);
INSERT INTO RACELOG(ENTRYID, RACENUMBER, RACELOCATION, RIDERID, TEAMID, RACEPOSITION, RACEPOINTS) VALUES (026,2,'Termas de Río Hondo (Argentina)',4,6,3,16,);
INSERT INTO RACELOG(ENTRYID, RACENUMBER, RACELOCATION, RIDERID, TEAMID, RACEPOSITION, RACEPOINTS) VALUES (027,2,'Termas de Río Hondo (Argentina)',10,1,4,13,);
INSERT INTO RACELOG(ENTRYID, RACENUMBER, RACELOCATION, RIDERID, TEAMID, RACEPOSITION, RACEPOINTS) VALUES (028,2,'Termas de Río Hondo (Argentina)',18,13,5,11,);
INSERT INTO RACELOG(ENTRYID, RACENUMBER, RACELOCATION, RIDERID, TEAMID, RACEPOSITION, RACEPOINTS) VALUES (029,2,'Termas de Río Hondo (Argentina)',15,6,6,10,);
INSERT INTO RACELOG(ENTRYID, RACENUMBER, RACELOCATION, RIDERID, TEAMID, RACEPOSITION, RACEPOINTS) VALUES (030,2,'Termas de Río Hondo (Argentina)',13,5,7,9,);
INSERT INTO RACELOG(ENTRYID, RACENUMBER, RACELOCATION, RIDERID, TEAMID, RACEPOSITION, RACEPOINTS) VALUES (031,2,'Termas de Río Hondo (Argentina)',16,8,8,8,);
INSERT INTO RACELOG(ENTRYID, RACENUMBER, RACELOCATION, RIDERID, TEAMID, RACEPOSITION, RACEPOINTS) VALUES (032,2,'Termas de Río Hondo (Argentina)',5,3,9,7,);
INSERT INTO RACELOG(ENTRYID, RACENUMBER, RACELOCATION, RIDERID, TEAMID, RACEPOSITION, RACEPOINTS) VALUES (033,2,'Termas de Río Hondo (Argentina)',6,10,10,6,);
INSERT INTO RACELOG(ENTRYID, RACENUMBER, RACELOCATION, RIDERID, TEAMID, RACEPOSITION, RACEPOINTS) VALUES (034,2,'Termas de Río Hondo (Argentina)',14,11,11,5,);
INSERT INTO RACELOG(ENTRYID, RACENUMBER, RACELOCATION, RIDERID, TEAMID, RACEPOSITION, RACEPOINTS) VALUES (035,2,'Termas de Río Hondo (Argentina)',8,12,12,4,);
INSERT INTO RACELOG(ENTRYID, RACENUMBER, RACELOCATION, RIDERID, TEAMID, RACEPOSITION, RACEPOINTS) VALUES (036,2,'Termas de Río Hondo (Argentina)',3,4,13,3,);
INSERT INTO RACELOG(ENTRYID, RACENUMBER, RACELOCATION, RIDERID, TEAMID, RACEPOSITION, RACEPOINTS) VALUES (037,2,'Termas de Río Hondo (Argentina)',2,1,14,2,);
INSERT INTO RACELOG(ENTRYID, RACENUMBER, RACELOCATION, RIDERID, TEAMID, RACEPOSITION, RACEPOINTS) VALUES (038,2,'Termas de Río Hondo (Argentina)',23,10,15,1,);
INSERT INTO RACELOG(ENTRYID, RACENUMBER, RACELOCATION, RIDERID, TEAMID, RACEPOSITION, RACEPOINTS) VALUES (039,2,'Termas de Río Hondo (Argentina)',21,11,16,0,);
INSERT INTO RACELOG(ENTRYID, RACENUMBER, RACELOCATION, RIDERID, TEAMID, RACEPOSITION, RACEPOINTS) VALUES (040,2,'Termas de Río Hondo (Argentina)',7,3,17,0,);
INSERT INTO RACELOG(ENTRYID, RACENUMBER, RACELOCATION, RIDERID, TEAMID, RACEPOSITION, RACEPOINTS) VALUES (041,2,'Termas de Río Hondo (Argentina)',22,7,99,0,);
INSERT INTO RACELOG(ENTRYID, RACENUMBER, RACELOCATION, RIDERID, TEAMID, RACEPOSITION, RACEPOINTS) VALUES (042,2,'Termas de Río Hondo (Argentina)',12,8,99,0,);
INSERT INTO RACELOG(ENTRYID, RACENUMBER, RACELOCATION, RIDERID, TEAMID, RACEPOSITION, RACEPOINTS) VALUES (043,2,'Termas de Río Hondo (Argentina)',11,13,99,0,);
INSERT INTO RACELOG(ENTRYID, RACENUMBER, RACELOCATION, RIDERID, TEAMID, RACEPOSITION, RACEPOINTS) VALUES (044,2,'Termas de Río Hondo (Argentina)',17,9,99,0,);
INSERT INTO RACELOG(ENTRYID, RACENUMBER, RACELOCATION, RIDERID, TEAMID, RACEPOSITION, RACEPOINTS) VALUES (045,2,'Termas de Río Hondo (Argentina)',1,9,99,0,);
INSERT INTO RACELOG(ENTRYID, RACENUMBER, RACELOCATION, RIDERID, TEAMID, RACEPOSITION, RACEPOINTS) VALUES (046,3,'Circuit Of The Americas (United States)',18,13,1,25,);
INSERT INTO RACELOG(ENTRYID, RACENUMBER, RACELOCATION, RIDERID, TEAMID, RACEPOSITION, RACEPOINTS) VALUES (047,3,'Circuit Of The Americas (United States)',19,7,2,20,);
INSERT INTO RACELOG(ENTRYID, RACENUMBER, RACELOCATION, RIDERID, TEAMID, RACEPOSITION, RACEPOINTS) VALUES (048,3,'Circuit Of The Americas (United States)',10,1,3,16,);
INSERT INTO RACELOG(ENTRYID, RACENUMBER, RACELOCATION, RIDERID, TEAMID, RACEPOSITION, RACEPOINTS) VALUES (049,3,'Circuit Of The Americas (United States)',4,6,4,13,);
INSERT INTO RACELOG(ENTRYID, RACENUMBER, RACELOCATION, RIDERID, TEAMID, RACEPOSITION, RACEPOINTS) VALUES (050,3,'Circuit Of The Americas (United States)',12,8,5,11,);
INSERT INTO RACELOG(ENTRYID, RACENUMBER, RACELOCATION, RIDERID, TEAMID, RACEPOSITION, RACEPOINTS) VALUES (051,3,'Circuit Of The Americas (United States)',15,6,6,10,);
INSERT INTO RACELOG(ENTRYID, RACENUMBER, RACELOCATION, RIDERID, TEAMID, RACEPOSITION, RACEPOINTS) VALUES (052,3,'Circuit Of The Americas (United States)',16,8,7,9,);
INSERT INTO RACELOG(ENTRYID, RACENUMBER, RACELOCATION, RIDERID, TEAMID, RACEPOSITION, RACEPOINTS) VALUES (053,3,'Circuit Of The Americas (United States)',6,10,8,8,);
INSERT INTO RACELOG(ENTRYID, RACENUMBER, RACELOCATION, RIDERID, TEAMID, RACEPOSITION, RACEPOINTS) VALUES (054,3,'Circuit Of The Americas (United States)',2,1,9,7,);
INSERT INTO RACELOG(ENTRYID, RACENUMBER, RACELOCATION, RIDERID, TEAMID, RACEPOSITION, RACEPOINTS) VALUES (055,3,'Circuit Of The Americas (United States)',13,5,10,6,);
INSERT INTO RACELOG(ENTRYID, RACENUMBER, RACELOCATION, RIDERID, TEAMID, RACEPOSITION, RACEPOINTS) VALUES (056,3,'Circuit Of The Americas (United States)',22,7,11,5,);
INSERT INTO RACELOG(ENTRYID, RACENUMBER, RACELOCATION, RIDERID, TEAMID, RACEPOSITION, RACEPOINTS) VALUES (057,3,'Circuit Of The Americas (United States)',7,3,12,4,);
INSERT INTO RACELOG(ENTRYID, RACENUMBER, RACELOCATION, RIDERID, TEAMID, RACEPOSITION, RACEPOINTS) VALUES (058,3,'Circuit Of The Americas (United States)',23,10,13,3,);
INSERT INTO RACELOG(ENTRYID, RACENUMBER, RACELOCATION, RIDERID, TEAMID, RACEPOSITION, RACEPOINTS) VALUES (059,3,'Circuit Of The Americas (United States)',14,11,14,2,);
INSERT INTO RACELOG(ENTRYID, RACENUMBER, RACELOCATION, RIDERID, TEAMID, RACEPOSITION, RACEPOINTS) VALUES (060,3,'Circuit Of The Americas (United States)',17,9,15,1,);
INSERT INTO RACELOG(ENTRYID, RACENUMBER, RACELOCATION, RIDERID, TEAMID, RACEPOSITION, RACEPOINTS) VALUES (061,3,'Circuit Of The Americas (United States)',1,9,16,0,);
INSERT INTO RACELOG(ENTRYID, RACENUMBER, RACELOCATION, RIDERID, TEAMID, RACEPOSITION, RACEPOINTS) VALUES (062,3,'Circuit Of The Americas (United States)',11,13,17,0,);
INSERT INTO RACELOG(ENTRYID, RACENUMBER, RACELOCATION, RIDERID, TEAMID, RACEPOSITION, RACEPOINTS) VALUES (063,3,'Circuit Of The Americas (United States)',21,11,18,0,);
INSERT INTO RACELOG(ENTRYID, RACENUMBER, RACELOCATION, RIDERID, TEAMID, RACEPOSITION, RACEPOINTS) VALUES (064,3,'Circuit Of The Americas (United States)',8,12,99,0,);
INSERT INTO RACELOG(ENTRYID, RACENUMBER, RACELOCATION, RIDERID, TEAMID, RACEPOSITION, RACEPOINTS) VALUES (065,3,'Circuit Of The Americas (United States)',9,12,99,0,);
INSERT INTO RACELOG(ENTRYID, RACENUMBER, RACELOCATION, RIDERID, TEAMID, RACEPOSITION, RACEPOINTS) VALUES (066,3,'Circuit Of The Americas (United States)',3,4,99,0,);
INSERT INTO RACELOG(ENTRYID, RACENUMBER, RACELOCATION, RIDERID, TEAMID, RACEPOSITION, RACEPOINTS) VALUES (067,3,'Circuit Of The Americas (United States)',5,3,99,0,);
INSERT INTO RACELOG(ENTRYID, RACENUMBER, RACELOCATION, RIDERID, TEAMID, RACEPOSITION, RACEPOINTS) VALUES (068,4,'Circuito de Jerez - Angel Nieto (Spain)',9,12,1,25,);
INSERT INTO RACELOG(ENTRYID, RACENUMBER, RACELOCATION, RIDERID, TEAMID, RACEPOSITION, RACEPOINTS) VALUES (069,4,'Circuito de Jerez - Angel Nieto (Spain)',18,13,2,20,);
INSERT INTO RACELOG(ENTRYID, RACENUMBER, RACELOCATION, RIDERID, TEAMID, RACEPOSITION, RACEPOINTS) VALUES (070,4,'Circuito de Jerez - Angel Nieto (Spain)',22,7,3,16,);
INSERT INTO RACELOG(ENTRYID, RACENUMBER, RACELOCATION, RIDERID, TEAMID, RACEPOSITION, RACEPOINTS) VALUES (071,4,'Circuito de Jerez - Angel Nieto (Spain)',4,6,4,13,);
INSERT INTO RACELOG(ENTRYID, RACENUMBER, RACELOCATION, RIDERID, TEAMID, RACEPOSITION, RACEPOINTS) VALUES (072,4,'Circuito de Jerez - Angel Nieto (Spain)',15,6,5,11,);
INSERT INTO RACELOG(ENTRYID, RACENUMBER, RACELOCATION, RIDERID, TEAMID, RACEPOSITION, RACEPOINTS) VALUES (073,4,'Circuito de Jerez - Angel Nieto (Spain)',19,7,6,10,);
INSERT INTO RACELOG(ENTRYID, RACENUMBER, RACELOCATION, RIDERID, TEAMID, RACEPOSITION, RACEPOINTS) VALUES (074,4,'Circuito de Jerez - Angel Nieto (Spain)',12,8,7,9,);
INSERT INTO RACELOG(ENTRYID, RACENUMBER, RACELOCATION, RIDERID, TEAMID, RACEPOSITION, RACEPOINTS) VALUES (075,4,'Circuito de Jerez - Angel Nieto (Spain)',3,4,8,8,);
INSERT INTO RACELOG(ENTRYID, RACENUMBER, RACELOCATION, RIDERID, TEAMID, RACEPOSITION, RACEPOINTS) VALUES (076,4,'Circuito de Jerez - Angel Nieto (Spain)',13,5,9,7,);
INSERT INTO RACELOG(ENTRYID, RACENUMBER, RACELOCATION, RIDERID, TEAMID, RACEPOSITION, RACEPOINTS) VALUES (077,4,'Circuito de Jerez - Angel Nieto (Spain)',25,13,10,6,);
INSERT INTO RACELOG(ENTRYID, RACENUMBER, RACELOCATION, RIDERID, TEAMID, RACEPOSITION, RACEPOINTS) VALUES (078,4,'Circuito de Jerez - Angel Nieto (Spain)',5,3,11,5,);
INSERT INTO RACELOG(ENTRYID, RACENUMBER, RACELOCATION, RIDERID, TEAMID, RACEPOSITION, RACEPOINTS) VALUES (079,4,'Circuito de Jerez - Angel Nieto (Spain)',8,12,12,4,);
INSERT INTO RACELOG(ENTRYID, RACENUMBER, RACELOCATION, RIDERID, TEAMID, RACEPOSITION, RACEPOINTS) VALUES (080,4,'Circuito de Jerez - Angel Nieto (Spain)',6,10,13,3,);
INSERT INTO RACELOG(ENTRYID, RACENUMBER, RACELOCATION, RIDERID, TEAMID, RACEPOSITION, RACEPOINTS) VALUES (081,4,'Circuito de Jerez - Angel Nieto (Spain)',23,10,14,2,);
INSERT INTO RACELOG(ENTRYID, RACENUMBER, RACELOCATION, RIDERID, TEAMID, RACEPOSITION, RACEPOINTS) VALUES (082,4,'Circuito de Jerez - Angel Nieto (Spain)',17,9,15,1,);
INSERT INTO RACELOG(ENTRYID, RACENUMBER, RACELOCATION, RIDERID, TEAMID, RACEPOSITION, RACEPOINTS) VALUES (083,4,'Circuito de Jerez - Angel Nieto (Spain)',1,9,16,0,);
INSERT INTO RACELOG(ENTRYID, RACENUMBER, RACELOCATION, RIDERID, TEAMID, RACEPOSITION, RACEPOINTS) VALUES (084,4,'Circuito de Jerez - Angel Nieto (Spain)',20,2,17,0,);
INSERT INTO RACELOG(ENTRYID, RACENUMBER, RACELOCATION, RIDERID, TEAMID, RACEPOSITION, RACEPOINTS) VALUES (085,4,'Circuito de Jerez - Angel Nieto (Spain)',14,11,18,0,);
INSERT INTO RACELOG(ENTRYID, RACENUMBER, RACELOCATION, RIDERID, TEAMID, RACEPOSITION, RACEPOINTS) VALUES (086,4,'Circuito de Jerez - Angel Nieto (Spain)',21,11,19,0,);
INSERT INTO RACELOG(ENTRYID, RACENUMBER, RACELOCATION, RIDERID, TEAMID, RACEPOSITION, RACEPOINTS) VALUES (087,4,'Circuito de Jerez - Angel Nieto (Spain)',10,1,99,0,);
INSERT INTO RACELOG(ENTRYID, RACENUMBER, RACELOCATION, RIDERID, TEAMID, RACEPOSITION, RACEPOINTS) VALUES (088,4,'Circuito de Jerez - Angel Nieto (Spain)',11,13,99,0,);
INSERT INTO RACELOG(ENTRYID, RACENUMBER, RACELOCATION, RIDERID, TEAMID, RACEPOSITION, RACEPOINTS) VALUES (089,4,'Circuito de Jerez - Angel Nieto (Spain)',16,8,99,0,);
INSERT INTO RACELOG(ENTRYID, RACENUMBER, RACELOCATION, RIDERID, TEAMID, RACEPOSITION, RACEPOINTS) VALUES (090,4,'Circuito de Jerez - Angel Nieto (Spain)',2,1,99,0,);
INSERT INTO RACELOG(ENTRYID, RACENUMBER, RACELOCATION, RIDERID, TEAMID, RACEPOSITION, RACEPOINTS) VALUES (091,5,'Le Mans (France)',9,12,1,25,);
INSERT INTO RACELOG(ENTRYID, RACENUMBER, RACELOCATION, RIDERID, TEAMID, RACEPOSITION, RACEPOINTS) VALUES (092,5,'Le Mans (France)',4,6,2,20,);
INSERT INTO RACELOG(ENTRYID, RACENUMBER, RACELOCATION, RIDERID, TEAMID, RACEPOSITION, RACEPOINTS) VALUES (093,5,'Le Mans (France)',15,6,3,16,);
INSERT INTO RACELOG(ENTRYID, RACENUMBER, RACELOCATION, RIDERID, TEAMID, RACEPOSITION, RACEPOINTS) VALUES (094,5,'Le Mans (France)',10,1,4,13,);
INSERT INTO RACELOG(ENTRYID, RACENUMBER, RACELOCATION, RIDERID, TEAMID, RACEPOSITION, RACEPOINTS) VALUES (095,5,'Le Mans (France)',19,7,5,11,);
INSERT INTO RACELOG(ENTRYID, RACENUMBER, RACELOCATION, RIDERID, TEAMID, RACEPOSITION, RACEPOINTS) VALUES (096,5,'Le Mans (France)',6,10,6,10,);
INSERT INTO RACELOG(ENTRYID, RACENUMBER, RACELOCATION, RIDERID, TEAMID, RACEPOSITION, RACEPOINTS) VALUES (097,5,'Le Mans (France)',12,8,7,9,);
INSERT INTO RACELOG(ENTRYID, RACENUMBER, RACELOCATION, RIDERID, TEAMID, RACEPOSITION, RACEPOINTS) VALUES (098,5,'Le Mans (France)',16,8,8,8,);
INSERT INTO RACELOG(ENTRYID, RACENUMBER, RACELOCATION, RIDERID, TEAMID, RACEPOSITION, RACEPOINTS) VALUES (099,5,'Le Mans (France)',3,4,9,7,);
INSERT INTO RACELOG(ENTRYID, RACENUMBER, RACELOCATION, RIDERID, TEAMID, RACEPOSITION, RACEPOINTS) VALUES (100,5,'Le Mans (France)',18,13,10,6,);
INSERT INTO RACELOG(ENTRYID, RACENUMBER, RACELOCATION, RIDERID, TEAMID, RACEPOSITION, RACEPOINTS) VALUES (101,5,'Le Mans (France)',8,12,11,5,);
INSERT INTO RACELOG(ENTRYID, RACENUMBER, RACELOCATION, RIDERID, TEAMID, RACEPOSITION, RACEPOINTS) VALUES (102,5,'Le Mans (France)',5,3,12,4,);
INSERT INTO RACELOG(ENTRYID, RACENUMBER, RACELOCATION, RIDERID, TEAMID, RACEPOSITION, RACEPOINTS) VALUES (103,5,'Le Mans (France)',23,10,13,3,);
INSERT INTO RACELOG(ENTRYID, RACENUMBER, RACELOCATION, RIDERID, TEAMID, RACEPOSITION, RACEPOINTS) VALUES (104,5,'Le Mans (France)',21,11,14,2,);
INSERT INTO RACELOG(ENTRYID, RACENUMBER, RACELOCATION, RIDERID, TEAMID, RACEPOSITION, RACEPOINTS) VALUES (105,5,'Le Mans (France)',14,11,15,1,);
INSERT INTO RACELOG(ENTRYID, RACENUMBER, RACELOCATION, RIDERID, TEAMID, RACEPOSITION, RACEPOINTS) VALUES (106,5,'Le Mans (France)',11,13,16,0,);
INSERT INTO RACELOG(ENTRYID, RACENUMBER, RACELOCATION, RIDERID, TEAMID, RACEPOSITION, RACEPOINTS) VALUES (107,5,'Le Mans (France)',13,5,99,0,);
INSERT INTO RACELOG(ENTRYID, RACENUMBER, RACELOCATION, RIDERID, TEAMID, RACEPOSITION, RACEPOINTS) VALUES (108,5,'Le Mans (France)',7,3,99,0,);
INSERT INTO RACELOG(ENTRYID, RACENUMBER, RACELOCATION, RIDERID, TEAMID, RACEPOSITION, RACEPOINTS) VALUES (109,5,'Le Mans (France)',22,7,99,0,);
INSERT INTO RACELOG(ENTRYID, RACENUMBER, RACELOCATION, RIDERID, TEAMID, RACEPOSITION, RACEPOINTS) VALUES (110,5,'Le Mans (France)',2,1,99,0,);
INSERT INTO RACELOG(ENTRYID, RACENUMBER, RACELOCATION, RIDERID, TEAMID, RACEPOSITION, RACEPOINTS) VALUES (111,5,'Le Mans (France)',17,9,99,0,);
INSERT INTO RACELOG(ENTRYID, RACENUMBER, RACELOCATION, RIDERID, TEAMID, RACEPOSITION, RACEPOINTS) VALUES (112,5,'Le Mans (France)',1,9,99,0,);
INSERT INTO RACELOG(ENTRYID, RACENUMBER, RACELOCATION, RIDERID, TEAMID, RACEPOSITION, RACEPOINTS) VALUES (113,6,'Autodromo Internazionale del Mugello (Italy)',15,6,1,25,);
INSERT INTO RACELOG(ENTRYID, RACENUMBER, RACELOCATION, RIDERID, TEAMID, RACEPOSITION, RACEPOINTS) VALUES (114,6,'Autodromo Internazionale del Mugello (Italy)',9,12,2,20,);
INSERT INTO RACELOG(ENTRYID, RACENUMBER, RACELOCATION, RIDERID, TEAMID, RACEPOSITION, RACEPOINTS) VALUES (115,6,'Autodromo Internazionale del Mugello (Italy)',4,6,3,16,);
INSERT INTO RACELOG(ENTRYID, RACENUMBER, RACELOCATION, RIDERID, TEAMID, RACEPOSITION, RACEPOINTS) VALUES (116,6,'Autodromo Internazionale del Mugello (Italy)',18,13,4,13,);
INSERT INTO RACELOG(ENTRYID, RACENUMBER, RACELOCATION, RIDERID, TEAMID, RACEPOSITION, RACEPOINTS) VALUES (117,6,'Autodromo Internazionale del Mugello (Italy)',13,5,5,11,);
INSERT INTO RACELOG(ENTRYID, RACENUMBER, RACELOCATION, RIDERID, TEAMID, RACEPOSITION, RACEPOINTS) VALUES (118,6,'Autodromo Internazionale del Mugello (Italy)',22,7,6,10,);
INSERT INTO RACELOG(ENTRYID, RACENUMBER, RACELOCATION, RIDERID, TEAMID, RACEPOSITION, RACEPOINTS) VALUES (119,6,'Autodromo Internazionale del Mugello (Italy)',24,6,7,9,);
INSERT INTO RACELOG(ENTRYID, RACENUMBER, RACELOCATION, RIDERID, TEAMID, RACEPOSITION, RACEPOINTS) VALUES (120,6,'Autodromo Internazionale del Mugello (Italy)',3,4,8,8,);
INSERT INTO RACELOG(ENTRYID, RACENUMBER, RACELOCATION, RIDERID, TEAMID, RACEPOSITION, RACEPOINTS) VALUES (121,6,'Autodromo Internazionale del Mugello (Italy)',6,10,9,7,);
INSERT INTO RACELOG(ENTRYID, RACENUMBER, RACELOCATION, RIDERID, TEAMID, RACEPOSITION, RACEPOINTS) VALUES (122,6,'Autodromo Internazionale del Mugello (Italy)',16,8,10,6,);
INSERT INTO RACELOG(ENTRYID, RACENUMBER, RACELOCATION, RIDERID, TEAMID, RACEPOSITION, RACEPOINTS) VALUES (123,6,'Autodromo Internazionale del Mugello (Italy)',5,3,11,5,);
INSERT INTO RACELOG(ENTRYID, RACENUMBER, RACELOCATION, RIDERID, TEAMID, RACEPOSITION, RACEPOINTS) VALUES (124,6,'Autodromo Internazionale del Mugello (Italy)',11,13,12,4,);
INSERT INTO RACELOG(ENTRYID, RACENUMBER, RACELOCATION, RIDERID, TEAMID, RACEPOSITION, RACEPOINTS) VALUES (125,6,'Autodromo Internazionale del Mugello (Italy)',8,12,13,3,);
INSERT INTO RACELOG(ENTRYID, RACENUMBER, RACELOCATION, RIDERID, TEAMID, RACEPOSITION, RACEPOINTS) VALUES (126,6,'Autodromo Internazionale del Mugello (Italy)',1,9,14,2,);
INSERT INTO RACELOG(ENTRYID, RACENUMBER, RACELOCATION, RIDERID, TEAMID, RACEPOSITION, RACEPOINTS) VALUES (127,6,'Autodromo Internazionale del Mugello (Italy)',7,3,15,1,);
INSERT INTO RACELOG(ENTRYID, RACENUMBER, RACELOCATION, RIDERID, TEAMID, RACEPOSITION, RACEPOINTS) VALUES (128,6,'Autodromo Internazionale del Mugello (Italy)',14,11,16,0,);
INSERT INTO RACELOG(ENTRYID, RACENUMBER, RACELOCATION, RIDERID, TEAMID, RACEPOSITION, RACEPOINTS) VALUES (129,6,'Autodromo Internazionale del Mugello (Italy)',23,10,17,0,);
INSERT INTO RACELOG(ENTRYID, RACENUMBER, RACELOCATION, RIDERID, TEAMID, RACEPOSITION, RACEPOINTS) VALUES (130,6,'Autodromo Internazionale del Mugello (Italy)',10,1,99,0,);
INSERT INTO RACELOG(ENTRYID, RACENUMBER, RACELOCATION, RIDERID, TEAMID, RACEPOSITION, RACEPOINTS) VALUES (131,6,'Autodromo Internazionale del Mugello (Italy)',2,1,99,0,);
INSERT INTO RACELOG(ENTRYID, RACENUMBER, RACELOCATION, RIDERID, TEAMID, RACEPOSITION, RACEPOINTS) VALUES (132,6,'Autodromo Internazionale del Mugello (Italy)',21,11,99,0,);
INSERT INTO RACELOG(ENTRYID, RACENUMBER, RACELOCATION, RIDERID, TEAMID, RACEPOSITION, RACEPOINTS) VALUES (133,6,'Autodromo Internazionale del Mugello (Italy)',19,7,99,0,);
INSERT INTO RACELOG(ENTRYID, RACENUMBER, RACELOCATION, RIDERID, TEAMID, RACEPOSITION, RACEPOINTS) VALUES (134,6,'Autodromo Internazionale del Mugello (Italy)',12,8,99,0,);
INSERT INTO RACELOG(ENTRYID, RACENUMBER, RACELOCATION, RIDERID, TEAMID, RACEPOSITION, RACEPOINTS) VALUES (135,6,'Autodromo Internazionale del Mugello (Italy)',17,9,99,0,);
